Workbook

Sheet Operations Data
A1: Record ID | B1: Week Start | C1: Plant | D1: Product Family | E1: Shift | F1: Supplier | G1: Units Planned | H1: Units Produced | I1: Defects | J1: On-Time Shipments | K1: Inspection Hours | L1: Missing Calibration Flag | M1: Notes | N1: Defect Rate | O1: On-Time % | P1: Throughput Gap | Q1: Risk Band
A2: NM-01-11 | B2: 2026-07-06 | C2: North Assembly | D2: Sensor Module | E2: Swing | F2: Blue Harbor Components | G2: 1099 | H2: 1042 | I2: 34 | J2: 967 | K2: 31.3 | L2: No | M2: Normal variation | N2: =I2/H2 | O2: =J2/H2 | P2: =H2-G2 | Q2: =IF(N2>0.04,"High",IF(N2>0.03,"Medium","Low"))
A3: NM-01-12 | B3: 2026-07-06 | C3: North Assembly | D3: Battery Controller | E3: Night | F3: Blue Harbor Components | G3: 820 | H3: 816 | I3: 31 | J3: 781 | K3: 45.1 | L3: No | M3: Normal variation | N3: =I3/H3 | O3: =J3/H3 | P3: =H3-G3 | Q3: =IF(N3>0.04,"High",IF(N3>0.03,"Medium","Low"))
A4: NM-01-13 | B4: 2026-07-06 | C4: North Assembly | D4: Infotainment Harness | E4: Night | F4: Blue Harbor Components | G4: 981 | H4: 888 | I4: 34 | J4: 812 | K4: 39.9 | L4: No | M4: Normal variation | N4: =I4/H4 | O4: =J4/H4 | P4: =H4-G4 | Q4: =IF(N4>0.04,"High",IF(N4>0.03,"Medium","Low"))
A5: NM-01-14 | B5: 2026-07-06 | C5: North Assembly | D5: Drive Unit Housing | E5: Night | F5: Vector Embedded | G5: 1056 | H5: 1001 | I5: 37 | J5: 898 | K5: 32.2 | L5: No | M5: Normal variation | N5: =I5/H5 | O5: =J5/H5 | P5: =H5-G5 | Q5: =IF(N5>0.04,"High",IF(N5>0.03,"Medium","Low"))
A6: NM-01-21 | B6: 2026-07-06 | C6: River Rouge Pilot | D6: Sensor Module | E6: Swing | F6: Vector Embedded | G6: 1205 | H6: 1095 | I6: 20 | J6: 966 | K6: 58.6 | L6: No | M6: Normal variation | N6: =I6/H6 | O6: =J6/H6 | P6: =H6-G6 | Q6: =IF(N6>0.04,"High",IF(N6>0.03,"Medium","Low"))
A7: NM-01-22 | B7: 2026-07-06 | C7: River Rouge Pilot | D7: Battery Controller | E7: Day | F7: Blue Harbor Components | G7: 1234 | H7: 1152 | I7: 35 | J7: 1050 | K7: 53.4 | L7: No | M7: Normal variation | N7: =I7/H7 | O7: =J7/H7 | P7: =H7-G7 | Q7: =IF(N7>0.04,"High",IF(N7>0.03,"Medium","Low"))
A8: NM-01-23 | B8: 2026-07-06 | C8: River Rouge Pilot | D8: Infotainment Harness | E8: Swing | F8: Pioneer Circuit Works | G8: 1271 | H8: 1294 | I8: 44 | J8: 1155 | K8: 51.6 | L8: No | M8: Normal variation | N8: =I8/H8 | O8: =J8/H8 | P8: =H8-G8 | Q8: =IF(N8>0.04,"High",IF(N8>0.03,"Medium","Low"))
A9: NM-01-24 | B9: 2026-07-06 | C9: River Rouge Pilot | D9: Drive Unit Housing | E9: Swing | F9: Blue Harbor Components | G9: 1131 | H9: 1072 | I9: 28 | J9: 981 | K9: 60.5 | L9: No | M9: Normal variation | N9: =I9/H9 | O9: =J9/H9 | P9: =H9-G9 | Q9: =IF(N9>0.04,"High",IF(N9>0.03,"Medium","Low"))
A10: NM-01-31 | B10: 2026-07-06 | C10: Lakeside Components | D10: Sensor Module | E10: Day | F10: Pioneer Circuit Works | G10: 829 | H10: 845 | I10: 19 | J10: 769 | K10: 49.6 | L10: No | M10: Normal variation | N10: =I10/H10 | O10: =J10/H10 | P10: =H10-G10 | Q10: =IF(N10>0.04,"High",IF(N10>0.03,"Medium","Low"))
A11: NM-01-32 | B11: 2026-07-06 | C11: Lakeside Components | D11: Battery Controller | E11: Night | F11: Pioneer Circuit Works | G11: 939 | H11: 957 | I11: 32 | J11: 866 | K11: 54.3 | L11: No | M11: Normal variation | N11: =I11/H11 | O11: =J11/H11 | P11: =H11-G11 | Q11: =IF(N11>0.04,"High",IF(N11>0.03,"Medium","Low"))
A12: NM-01-33 | B12: 2026-07-06 | C12: Lakeside Components | D12: Infotainment Harness | E12: Night | F12: Pioneer Circuit Works | G12: 1266 | H12: 1157 | I12: 47 | J12: 1027 | K12: 48.3 | L12: No | M12: Review supplier batch | N12: =I12/H12 | O12: =J12/H12 | P12: =H12-G12 | Q12: =IF(N12>0.04,"High",IF(N12>0.03,"Medium","Low"))
A13: NM-01-34 | B13: 2026-07-06 | C13: Lakeside Components | D13: Drive Unit Housing | E13: Night | F13: Blue Harbor Components | G13: 1252 | H13: 1262 | I13: 27 | J13: 1233 | K13: 43.6 | L13: No | M13: Normal variation | N13: =I13/H13 | O13: =J13/H13 | P13: =H13-G13 | Q13: =IF(N13>0.04,"High",IF(N13>0.03,"Medium","Low"))
... A193: NM-12-44 | B193: 2026-09-21 | C193: Metro EV Systems | D193: Drive Unit Housing | E193: Day | F193: Vector Embedded | G193: 830 | H193: 859 | I193: 18 | J193: 781 | K193: 28.7 | L193: No | M193: Normal variation | N193: =I193/H193 | O193: =J193/H193 | P193: =H193-G193 | Q193: =IF(N193>0.04,"High",IF(N193>0.03,"Medium","Low"))

Sheet Lookup
A1: Category | B1: Value | C1: Description
A2: Plant | B2: North Assembly | C2: Fictional manufacturing location
A3: Plant | B3: River Rouge Pilot | C3: Fictional manufacturing location
A4: Plant | B4: Lakeside Components | C4: Fictional manufacturing location
A5: Plant | B5: Metro EV Systems | C5: Fictional manufacturing location
A6: Product Family | B6: Sensor Module | C6: Torque sensor calibration
A7: Product Family | B7: Battery Controller | C7: Thermal interface pad
A8: Product Family | B8: Infotainment Harness | C8: Connector pin seating
A9: Product Family | B9: Drive Unit Housing | C9: Casting surface finish
A10: Shift | B10: Day | C10: Production shift
A11: Shift | B11: Swing | C11: Production shift
A12: Shift | B12: Night | C12: Production shift

Sheet Parts Risk
A1: Product Family | B1: Primary Risk | C1: Risk Level | D1: Recommended Follow-up
A2: Sensor Module | B2: Torque sensor calibration | C2: Medium | D2: Review torque sensor calibration trend and supplier handoff notes
A3: Battery Controller | B3: Thermal interface pad | C3: High | D3: Review thermal interface pad trend and supplier handoff notes
A4: Infotainment Harness | B4: Connector pin seating | C4: Medium | D4: Review connector pin seating trend and supplier handoff notes
A5: Drive Unit Housing | B5: Casting surface finish | C5: Low | D5: Review casting surface finish trend and supplier handoff notes

Sheet Dashboard
A1: Metric | B1: Value
A2: Total Units Produced | B2: =SUM('Operations Data'!H:H)
A3: Total Defects | B3: =SUM('Operations Data'!I:I)
A4: Overall Defect Rate | B4: =B3/B2
A5: Overall On-Time % | B5: =SUM('Operations Data'!J:J)/SUM('Operations Data'!H:H)
A6: High Risk Records | B6: =COUNTIF('Operations Data'!Q:Q,"High")
A7: Missing Calibration Records | B7: =COUNTIF('Operations Data'!L:L,"Yes")
A9: Plant | B9: Produced | C9: Defects | D9: Defect Rate
A10: North Assembly | B10: =SUMIF('Operations Data'!C:C,A10,'Operations Data'!H:H) | C10: =SUMIF('Operations Data'!C:C,A10,'Operations Data'!I:I) | D10: =C10/B10
A11: River Rouge Pilot | B11: =SUMIF('Operations Data'!C:C,A11,'Operations Data'!H:H) | C11: =SUMIF('Operations Data'!C:C,A11,'Operations Data'!I:I) | D11: =C11/B11
A12: Lakeside Components | B12: =SUMIF('Operations Data'!C:C,A12,'Operations Data'!H:H) | C12: =SUMIF('Operations Data'!C:C,A12,'Operations Data'!I:I) | D12: =C12/B12
A13: Metro EV Systems | B13: =SUMIF('Operations Data'!C:C,A13,'Operations Data'!H:H) | C13: =SUMIF('Operations Data'!C:C,A13,'Operations Data'!I:I) | D13: =C13/B13

Sheet Weekly Trend
A1: Week Start | B1: Produced | C1: Defects | D1: Defect Rate
A2: 2026-07-06 | B2: =SUMIF('Operations Data'!B:B,A2,'Operations Data'!H:H) | C2: =SUMIF('Operations Data'!B:B,A2,'Operations Data'!I:I) | D2: =C2/B2
A3: 2026-07-13 | B3: =SUMIF('Operations Data'!B:B,A3,'Operations Data'!H:H) | C3: =SUMIF('Operations Data'!B:B,A3,'Operations Data'!I:I) | D3: =C3/B3
A4: 2026-07-20 | B4: =SUMIF('Operations Data'!B:B,A4,'Operations Data'!H:H) | C4: =SUMIF('Operations Data'!B:B,A4,'Operations Data'!I:I) | D4: =C4/B4
A5: 2026-07-27 | B5: =SUMIF('Operations Data'!B:B,A5,'Operations Data'!H:H) | C5: =SUMIF('Operations Data'!B:B,A5,'Operations Data'!I:I) | D5: =C5/B5
A6: 2026-08-03 | B6: =SUMIF('Operations Data'!B:B,A6,'Operations Data'!H:H) | C6: =SUMIF('Operations Data'!B:B,A6,'Operations Data'!I:I) | D6: =C6/B6
A7: 2026-08-10 | B7: =SUMIF('Operations Data'!B:B,A7,'Operations Data'!H:H) | C7: =SUMIF('Operations Data'!B:B,A7,'Operations Data'!I:I) | D7: =C7/B7
A8: 2026-08-17 | B8: =SUMIF('Operations Data'!B:B,A8,'Operations Data'!H:H) | C8: =SUMIF('Operations Data'!B:B,A8,'Operations Data'!I:I) | D8: =C8/B8
A9: 2026-08-24 | B9: =SUMIF('Operations Data'!B:B,A9,'Operations Data'!H:H) | C9: =SUMIF('Operations Data'!B:B,A9,'Operations Data'!I:I) | D9: =C9/B9
A10: 2026-08-31 | B10: =SUMIF('Operations Data'!B:B,A10,'Operations Data'!H:H) | C10: =SUMIF('Operations Data'!B:B,A10,'Operations Data'!I:I) | D10: =C10/B10
A11: 2026-09-07 | B11: =SUMIF('Operations Data'!B:B,A11,'Operations Data'!H:H) | C11: =SUMIF('Operations Data'!B:B,A11,'Operations Data'!I:I) | D11: =C11/B11
A12: 2026-09-14 | B12: =SUMIF('Operations Data'!B:B,A12,'Operations Data'!H:H) | C12: =SUMIF('Operations Data'!B:B,A12,'Operations Data'!I:I) | D12: =C12/B12
A13: 2026-09-21 | B13: =SUMIF('Operations Data'!B:B,A13,'Operations Data'!H:H) | C13: =SUMIF('Operations Data'!B:B,A13,'Operations Data'!I:I) | D13: =C13/B13

Sheet Forecast Prompts
A1: Use Case | B1: Prompt
A2: Trend forecast | B2: Forecast the next four weeks of throughput by plant. Explain the pattern and confidence level.
A3: Quality hotspot | B3: Identify plants and product families where defect rate is worsening. Recommend where to focus the next standup.
A4: Data quality | B4: Find missing values, duplicates, and inconsistent product names. Return a cleanup plan.
A5: Dashboard | B5: Create a management dashboard with throughput, defect rate, on-time delivery, and top risk drivers.

Sheet Read Me
A1: Classification | B1: Public
A2: Disclaimer | B2: Fictional Microsoft Fake Company sample data for Microsoft 365 Copilot training. Do not add customer confidential information.
A3: Local-file note | B3: Copilot in Excel can now work with supported local files in current tested experiences; confirm tenant/app behavior before delivery.
